{"cameraMode":{"drawMode":0,"name":"Shaded","section":"Shading Mode"},"sceneLighting":true,"audioPlay":false,"sceneViewState":{"m_AlwaysRefresh":false,"showFog":true,"showSkybox":true,"showFlares":true,"showImageEffects":true,"showParticleSystems":true,"showVisualEffectGraphs":true,"m_FxEnabled":true},"in2DMode":false,"pivot":{"x":0.17874473333358766,"y":2.439619779586792,"z":1.1626702547073365},"rotation":{"x":0.16155138611793519,"y":0.02461446262896061,"z":-0.004036547616124153,"w":0.9865744709968567},"size":1.3900939226150513,"orthographic":false}