{"cameraMode":{"drawMode":0,"name":"Shaded","section":"Shading Mode"},"sceneLighting":false,"audioPlay":false,"sceneViewState":{"m_AlwaysRefresh":false,"showFog":true,"showSkybox":false,"showFlares":true,"showImageEffects":true,"showParticleSystems":true,"showVisualEffectGraphs":true,"m_FxEnabled":true},"in2DMode":false,"pivot":{"x":0.4122180938720703,"y":0.36048150062561037,"z":-0.9582877159118652},"rotation":{"x":-0.04292773827910423,"y":-0.9570416212081909,"z":0.19830256700515748,"w":-0.20725171267986298},"size":2.2178375720977785,"orthographic":false}